{"cameraMode":{"drawMode":0,"name":"Shaded","section":"Shading Mode"},"sceneLighting":true,"audioPlay":false,"sceneViewState":{"showFog":true,"showMaterialUpdate":false,"showSkybox":true,"showFlares":true,"showImageEffects":true,"showParticleSystems":true},"in2DMode":false,"pivot":{"x":-16.08837890625,"y":-9.603680610656739,"z":-25.733535766601564},"rotation":{"x":0.2752799987792969,"y":-0.15914401412010194,"z":0.04626503586769104,"w":0.9469769597053528},"size":47.942752838134769,"orthographic":false}