{"cameraMode":{"drawMode":0,"name":"Shaded","section":"Shading Mode"},"sceneLighting":false,"audioPlay":false,"sceneViewState":{"showFog":true,"showMaterialUpdate":false,"showSkybox":false,"showFlares":true,"showImageEffects":true,"showParticleSystems":true},"in2DMode":false,"pivot":{"x":-0.807961106300354,"y":-1.380671501159668,"z":1.1053473949432374},"rotation":{"x":0.25202488899230959,"y":-0.7236332893371582,"z":0.5505677461624146,"w":0.33126240968704226},"size":5.306399345397949,"orthographic":false}