{"cameraMode":{"drawMode":0,"name":"Shaded","section":"Shading Mode"},"sceneLighting":true,"audioPlay":false,"sceneViewState":{"showFog":true,"showMaterialUpdate":false,"showSkybox":true,"showFlares":true,"showImageEffects":true,"showParticleSystems":true},"in2DMode":false,"pivot":{"x":229.0960693359375,"y":248.87477111816407,"z":52.40869140625},"rotation":{"x":0.002397154923528433,"y":-0.020998328924179078,"z":0.000050320770242251456,"w":0.9997785091400147},"size":429.4630126953125,"orthographic":false}