{"cameraMode":{"drawMode":0,"name":"Shaded","section":"Shading Mode"},"sceneLighting":true,"audioPlay":false,"sceneViewState":{"showFog":true,"showMaterialUpdate":false,"showSkybox":true,"showFlares":true,"showImageEffects":true,"showParticleSystems":true},"in2DMode":false,"pivot":{"x":-36.75187301635742,"y":-8.889128684997559,"z":-12.312562942504883},"rotation":{"x":0.24059367179870606,"y":-0.013103034347295761,"z":0.0032482431270182134,"w":0.9705324769020081},"size":39.42878341674805,"orthographic":false}