{"cameraMode":{"drawMode":0,"name":"Shaded","section":"Shading Mode"},"sceneLighting":true,"audioPlay":false,"sceneViewState":{"showFog":true,"showMaterialUpdate":false,"showSkybox":true,"showFlares":true,"showImageEffects":true,"showParticleSystems":true},"in2DMode":false,"pivot":{"x":394.82476806640627,"y":139.51611328125,"z":105.8486328125},"rotation":{"x":0.04585902392864227,"y":0.03146214410662651,"z":-0.0014399820938706399,"w":0.9984582662582398},"size":439.3741760253906,"orthographic":false}