{"cameraMode":{"drawMode":0,"name":"Shaded","section":"Shading Mode"},"sceneLighting":true,"audioPlay":false,"sceneViewState":{"showFog":true,"showMaterialUpdate":false,"showSkybox":true,"showFlares":true,"showImageEffects":true,"showParticleSystems":true},"in2DMode":false,"pivot":{"x":738.2835083007813,"y":145.43104553222657,"z":2184.850830078125},"rotation":{"x":0.04588053375482559,"y":-0.0074920360930264,"z":0.0003483539039734751,"w":0.9989339113235474},"size":3034.857177734375,"orthographic":false}