{"cameraMode":{"drawMode":0,"name":"Shaded","section":"Shading Mode"},"sceneLighting":true,"audioPlay":false,"sceneViewState":{"showFog":true,"showMaterialUpdate":false,"showSkybox":true,"showFlares":true,"showImageEffects":true,"showParticleSystems":true},"in2DMode":false,"pivot":{"x":-2.705596923828125,"y":7.78125,"z":8.99609375},"rotation":{"x":0.7402253150939941,"y":0.0010106366826221347,"z":-0.0011092505883425475,"w":0.6723687052726746},"size":119.23968505859375,"orthographic":true}