{"cameraMode":{"drawMode":0,"name":"Shaded","section":"Shading Mode"},"sceneLighting":false,"audioPlay":false,"sceneViewState":{"showFog":true,"showMaterialUpdate":false,"showSkybox":false,"showFlares":true,"showImageEffects":true,"showParticleSystems":true},"in2DMode":false,"pivot":{"x":0.0,"y":-0.000005364418029785156,"z":2.0000410079956056},"rotation":{"x":0.000898047408554703,"y":0.014999437145888806,"z":-0.000013470747035171371,"w":0.9998881220817566},"size":11.431528091430664,"orthographic":true}