{"cameraMode":{"drawMode":0,"name":"Shaded","section":"Shading Mode"},"sceneLighting":true,"audioPlay":false,"sceneViewState":{"showFog":true,"showMaterialUpdate":false,"showSkybox":true,"showFlares":true,"showImageEffects":true,"showParticleSystems":true},"in2DMode":false,"pivot":{"x":650.930419921875,"y":288.79815673828127,"z":103.4609375},"rotation":{"x":0.04585902392864227,"y":0.03146214410662651,"z":-0.0014399820938706399,"w":0.9984582662582398},"size":469.4988708496094,"orthographic":false}