{"cameraMode":{"drawMode":0,"name":"Shaded","section":"Shading Mode"},"sceneLighting":true,"audioPlay":false,"sceneViewState":{"showFog":true,"showMaterialUpdate":false,"showSkybox":true,"showFlares":true,"showImageEffects":true,"showParticleSystems":true},"in2DMode":false,"pivot":{"x":-41.1204719543457,"y":6.818081378936768,"z":-44.569278717041019},"rotation":{"x":0.08605778962373734,"y":0.07315996289253235,"z":-0.0063366638496518139,"w":0.9935805201530457},"size":0.5307835340499878,"orthographic":false}