{"cameraMode":{"drawMode":0,"name":"Shaded","section":"Shading Mode"},"sceneLighting":false,"audioPlay":false,"sceneViewState":{"showFog":true,"showMaterialUpdate":false,"showSkybox":false,"showFlares":true,"showImageEffects":true,"showParticleSystems":true},"in2DMode":false,"pivot":{"x":-5.868875026702881,"y":-3.2897233963012697,"z":3.4885129928588869},"rotation":{"x":0.24303331971168519,"y":-0.5270687937736511,"z":0.16044634580612184,"w":0.7983683347702026},"size":13.741095542907715,"orthographic":false}