{"cameraMode":{"drawMode":0,"name":"Shaded","section":"Shading Mode"},"sceneLighting":true,"audioPlay":false,"sceneViewState":{"showFog":true,"showMaterialUpdate":false,"showSkybox":true,"showFlares":true,"showImageEffects":true,"showParticleSystems":true},"in2DMode":false,"pivot":{"x":2.30643367767334,"y":0.6245266199111939,"z":-0.18685007095336915},"rotation":{"x":-0.01640184596180916,"y":0.9829188585281372,"z":-0.10986243933439255,"w":-0.14674346148967744},"size":6.230599403381348,"orthographic":false}