{"cameraMode":{"drawMode":0,"name":"Shaded","section":"Shading Mode"},"sceneLighting":true,"audioPlay":false,"sceneViewState":{"showFog":true,"showMaterialUpdate":false,"showSkybox":true,"showFlares":true,"showImageEffects":true,"showParticleSystems":true},"in2DMode":false,"pivot":{"x":326.54498291015627,"y":237.5406494140625,"z":-38.681488037109378},"rotation":{"x":0.05546850711107254,"y":-0.01048364583402872,"z":0.0005824408726766706,"w":0.9984055161476135},"size":1044.01123046875,"orthographic":false}