{"cameraMode":{"drawMode":0,"name":"Shaded","section":"Shading Mode"},"sceneLighting":false,"audioPlay":false,"sceneViewState":{"showFog":true,"showMaterialUpdate":false,"showSkybox":false,"showFlares":true,"showImageEffects":true,"showParticleSystems":true},"in2DMode":false,"pivot":{"x":-1.4740564823150635,"y":7.063397407531738,"z":3.8728866577148439},"rotation":{"x":-0.03146503493189812,"y":-0.04346473142504692,"z":-0.001369660021737218,"w":0.998559296131134},"size":32.413818359375,"orthographic":false}