{"cameraMode":{"drawMode":0,"name":"Shaded","section":"Shading Mode"},"sceneLighting":false,"audioPlay":false,"sceneViewState":{"showFog":true,"showMaterialUpdate":false,"showSkybox":false,"showFlares":true,"showImageEffects":true,"showParticleSystems":true},"in2DMode":false,"pivot":{"x":-0.008896559476852417,"y":0.5515544414520264,"z":-0.0016499459743499756},"rotation":{"x":0.1914854645729065,"y":-0.6025400161743164,"z":0.15186986327171327,"w":0.7597607374191284},"size":3.1392662525177,"orthographic":false}