{"cameraMode":{"drawMode":0,"name":"Shaded","section":"Shading Mode"},"sceneLighting":true,"audioPlay":false,"sceneViewState":{"showFog":true,"showMaterialUpdate":false,"showSkybox":true,"showFlares":true,"showImageEffects":true,"showParticleSystems":true},"in2DMode":false,"pivot":{"x":706.67822265625,"y":326.8460388183594,"z":103.456787109375},"rotation":{"x":0.04585902392864227,"y":0.03146214410662651,"z":-0.0014399820938706399,"w":0.9984582662582398},"size":1112.2423095703125,"orthographic":false}