{"cameraMode":{"drawMode":0,"name":"Shaded","section":"Shading Mode"},"sceneLighting":false,"audioPlay":false,"sceneViewState":{"showFog":true,"showMaterialUpdate":false,"showSkybox":false,"showFlares":true,"showImageEffects":true,"showParticleSystems":true},"in2DMode":false,"pivot":{"x":0.9028546810150147,"y":4.038677215576172,"z":-4.621942520141602},"rotation":{"x":0.1914854645729065,"y":-0.6025400161743164,"z":0.15186986327171327,"w":0.7597607374191284},"size":23.475866317749025,"orthographic":false}