{"cameraMode":{"drawMode":0,"name":"Shaded","section":"Shading Mode"},"sceneLighting":true,"audioPlay":false,"sceneViewState":{"showFog":true,"showMaterialUpdate":false,"showSkybox":true,"showFlares":true,"showImageEffects":true,"showParticleSystems":true},"in2DMode":false,"pivot":{"x":425.329345703125,"y":201.349609375,"z":-40.0914306640625},"rotation":{"x":0.056966882199048999,"y":0.008985220454633236,"z":-0.0005122816655784845,"w":0.9983360171318054},"size":490.5906982421875,"orthographic":false}